[
    {
        "post":"https://i.ibb.co/540zMBf/post.jpg",
        "author": "Junaid",
        "caption": "My New Adobe XD creation\n\nMade By Junaid",
        "profile":"https://instagram.fhyd5-1.fna.fbcdn.net/v/t51.2885-19/s150x150/238825093_4255022561248149_5294805372563488569_n.jpg?_nc_ht=instagram.fhyd5-1.fna.fbcdn.net&_nc_ohc=y8HBun0sGnYAX8nWTI0&tn=I_DKg0dbizHi0lmY&edm=ABfd0MgBAAAA&ccb=7-4&oh=35495e950a0708f5d4535db74851c57b&oe=6140853F&_nc_sid=7bff83"
    },
    {
        "post":"https://i.ibb.co/BG4r4y9/image-1.jpg",
        "author": "Junaid",
        "caption": "Yoga is good for Heath",
        "profile":"https://instagram.fhyd5-1.fna.fbcdn.net/v/t51.2885-19/s150x150/238825093_4255022561248149_5294805372563488569_n.jpg?_nc_ht=instagram.fhyd5-1.fna.fbcdn.net&_nc_ohc=y8HBun0sGnYAX8nWTI0&tn=I_DKg0dbizHi0lmY&edm=ABfd0MgBAAAA&ccb=7-4&oh=35495e950a0708f5d4535db74851c57b&oe=6140853F&_nc_sid=7bff83"
    },
    {
        "post":"https://i.ibb.co/jMgHdzr/image-2.jpg",
        "author": "saffron_bites",
        "caption": "Mixed vegitable Bowl",
        "profile":"https://instagram.fhyd5-1.fna.fbcdn.net/v/t51.2885-19/s150x150/122475657_1026898314404860_6339728090619440212_n.jpg?_nc_ht=instagram.fhyd5-1.fna.fbcdn.net&_nc_ohc=G7DUcKANJqAAX-nTH2c&edm=AP_V10EBAAAA&ccb=7-4&oh=f746ce9430970ab0e1947923475899d3&oe=6140C57F&_nc_sid=4f375e"
    },
    {
        "post":"https://i.ibb.co/mT0CSk4/image-3.jpg",
        "author": "Lakshman2@bro",
        "caption": "Healthy chill-Apple soup",
        "profile":"https://i.ibb.co/c8sqswb/profile-img.png"                                                                                                                    
    },
    {
        "post":"https://i.ibb.co/rcLMs8w/image-4.jpg",
        "author": "Lakshman",
        "caption": "Golf Olympics 2021",
        "profile":"https://i.ibb.co/c8sqswb/profile-img.png" 
    },
    {
        "post":"https://i.ibb.co/fvbZ56L/image-7.jpg",
        "author": "Khushi",
        "caption": "I am in a Lake, where I clicked this photo.",
        "profile":"https://i.ibb.co/c8sqswb/profile-img.png" 
    },
    {
        "post":"https://i.ibb.co/rb5dVWN/image-6.jpg",
        "author": "Gopal",
        "caption": "Andaman and Nicobar Islands and Me",
        "profile":"https://i.ibb.co/c8sqswb/profile-img.png" 
    },
    {
        "post":"https://i.ibb.co/ykkhDX1/logo.png",
        "author": "Spectagram_officals",
        "caption": "Spectagram App\nShare this app to all.",
        "profile":"https://i.ibb.co/ykkhDX1/logo.png"
    }
]